Model,Accuracy,Precision,Recall,F1 Score,ROC AUC
Logistic Regression,0.8471359558316081,0.8572463768115942,0.827851644506648,0.8422926308294767,0.9112386093566076
SVM,0.9799861973775017,0.9743944636678201,0.9853044086773968,0.9798190675017397,0.9987809647575435
KNN,0.9758454106280193,0.9594320486815415,0.9930020993701889,0.9759284731774416,0.9929789953415609
Random Forest,1.0,1.0,1.0,1.0,1.0
Gradient Boosting,1.0,1.0,1.0,1.0,1.0
XGBoost,0.9996549344375432,1.0,0.9993002099370188,0.999649982499125,0.9995822219977982
LightGBM,0.9996549344375432,0.9993006993006993,1.0,0.9996502273522211,0.999998570884827
