Model,Accuracy,Precision,Recall,F1 Score,ROC AUC
Logistic Regression,0.8471359558316081,0.8572463768115942,0.827851644506648,0.8422926308294767,0.9112352747545376
SVM,0.9917184265010351,0.988865692414753,0.9944016794961511,0.9916259595254711,0.999707031389562
KNN,0.979296066252588,0.9646978954514596,0.9944016794961511,0.9793246037215714,0.9924094929451729
Random Forest,0.9996549344375432,1.0,0.9993002099370188,0.999649982499125,1.0
Gradient Boosting,1.0,1.0,1.0,1.0,1.0
XGBoost,0.9993098688750862,0.9993002099370188,0.9993002099370188,0.9993002099370188,0.9995746000502095
LightGBM,0.9996549344375432,0.9993006993006993,1.0,0.9996502273522211,0.999998332698965
